Altium Designer Pick and Place Locations
C:\Users\ian\AppData\Local\TempReleases\Snapshot\1\Sources\release_files\gerbers\Pick Place for ignition-adapter.csv

========================================================================================================================
File Design Information:

Date:       25/09/25
Time:       14:11
Revision:   Not in VersionControl
Variant:    No variations
Units used: mm

"Designator","Comment","Layer","Footprint","Center-X(mm)","Center-Y(mm)","Rotation","Description"
"U1","SN74LVC1G07DCK","TopLayer","TI_DCK0005A","34.0360mm","13.7160mm","90","Buffer, Non-Inverting 1 Element 1 Bit per Element Open Drain Output SC-70-5"
"R1","RES 10K Ohm 1.0% 0.0625W 0402","TopLayer","RESC1005X04N","32.0040mm","14.0970mm","270","RES 10K Ohm 1.0% 0.0625W 0402"
"C1","GRM155R61E105KE11J","TopLayer","CAPC1005X06N","33.7820mm","16.2560mm","0","CAP MLCC 1�F �10% 25V X5R 0402 0.020in"
"R3","RES 15R Ohm 1.0% 0.0625W 0402","TopLayer","RESC1005X04N","34.0360mm","8.8900mm","180","RES 15R Ohm 1.0% 0.0625W 0402"
"R2","RES 15R Ohm 1.0% 0.0625W 0402","TopLayer","RESC1005X04N","34.0360mm","10.1600mm","180","RES 15R Ohm 1.0% 0.0625W 0402"
"J2","","TopLayer","0022284110-Footprint-1","19.0500mm","21.5900mm","0","Connector Header Through Hole 11 position 0.100" (2.54mm)"
"J1","","TopLayer","0022284110-Footprint-1","19.0500mm","1.2700mm","0","Connector Header Through Hole 11 position 0.100" (2.54mm)"
"MH4","MH2P54MM","TopLayer","MH2P54MM-Footprint-1","35.5600mm","2.5400mm","180","2.54mm PTH mounting hole for Ignition programming adapter board, to match Adafruit product 2264"
"MH2","MH2P54MM","TopLayer","MH2P54MM-Footprint-1","35.5600mm","20.3200mm","180","2.54mm PTH mounting hole for Ignition programming adapter board, to match Adafruit product 2264"
"MH3","MH2P54MM","TopLayer","MH2P54MM-Footprint-1","2.5400mm","20.3200mm","180","2.54mm PTH mounting hole for Ignition programming adapter board, to match Adafruit product 2264"
"MH1","MH2P54MM","TopLayer","MH2P54MM-Footprint-1","2.5400mm","2.5400mm","180","2.54mm PTH mounting hole for Ignition programming adapter board, to match Adafruit product 2264"
"J3","TFC-105-02-F-D-A-K","TopLayer","SAMTEC_TFC-105-02-F-D-A-K","43.1800mm","11.4300mm","90",".050 X .050 TERMINAL STRIP"
